nro;cod_ied_N;nomb_ied;d_dreugel;cod_mod;nivel;;;;
1;04949978;EL NIÑO DIVINO;UGEL CUSCO;1644079;EBR INICIAL;;;;
;;;;0205054;EBR PRIMARIA;;;;
2;05447429;JUVENIL MARCAVALLE;UGEL CUSCO;1061134;CETPRO;;;;
3;06271251;SAN ISIDRO;UGEL CUSCO;1347335;EBR INICIAL;;;;
;;;;1347343;EBR PRIMARIA;;;;
;;;;1347350;EBR SECUNDARIA;;;;
4;05509701;LA SEMILLA;UGEL CUSCO;0772798;EBR INICIAL;;;;
5;02634007;460;UGEL CUSCO;0472670;EBR INICIAL;;;;
6;02818991;51022 DIEGO QUISPE TITO;UGEL CUSCO;1681840;EBR INICIAL;;;;
;;;;0206219;EBR PRIMARIA;;;;
;;;;0236414;EBR SECUNDARIA;;;;
;;;;0235515;EBA INICIAL-INTERMEDIO;;;;
;;;;0671867;EBA AVANZADO;;;;
7;05556724;LICEO ITALIANO;UGEL CUSCO;1201441;EBR INICIAL;;;;
;;;;1201482;EBR PRIMARIA;;;;
;;;;1201524;EBR SECUNDARIA;;;;
;;;;1386010;EBA AVANZADO;;;;
8;04868528;DISNEY HOME;UGEL CUSCO;1668128;EBR INICIAL;;;;
9;04629299;VIRGEN DEL CARMEN;UGEL CUSCO;1386648;EBA AVANZADO;;;;
10;80000248;VIRGEN DEL CARMEN;UGEL CUSCO;1061738;EBA INICIAL-INTERMEDIO;;;;
;;;;1061779;EBA AVANZADO;;;;
11;01289268;208;UGEL CUSCO;0731158;EBR INICIAL;;;;
12;05418399;JUAN LANDAZURI RICKETTS;UGEL CUSCO;0818062;EBR PRIMARIA;;;;
;;;;0928119;EBR SECUNDARIA;;;;
13;02497484;51001 HUMBERTO LUNA;UGEL CUSCO;0927327;EBR INICIAL;;;;
;;;;0205880;EBR PRIMARIA;;;;
;;;;0236349;EBR SECUNDARIA;;;;
;;;;0235358;EBA INICIAL-INTERMEDIO;;;;
;;;;0497628;EBA AVANZADO;;;;
14;06613306;THE KIDS HOUSE;UGEL CUSCO;1465939;EBR INICIAL;;;;
15;02790009;50729;UGEL CUSCO;0205047;EBR PRIMARIA;;;;
16;02689871;50037;UGEL CUSCO;0405217;EBR PRIMARIA;;;;
;;;;1718626;EBR SECUNDARIA;;;;
17;05191572;IMPERIO JOHN LOCKE;UGEL CUSCO;0818039;EBR PRIMARIA;;;;
;;;;0928234;EBR SECUNDARIA;;;;
18;04816307;CRISTO SALVADOR;UGEL CUSCO;1062033;EBR INICIAL;;;;
19;05615895;LUCES DEL SABER;UGEL CUSCO;1396522;EBR INICIAL;;;;
20;05185718;IGATUR;UGEL CUSCO;1062496;IST;;;;
21;06972357;LA CASITA DEL APRENDIZAJE;UGEL CUSCO;1751486;EBR INICIAL;;;;
22;06144462;RICARDO PALMA SORIANO;UGEL CUSCO;0927962;EBR PRIMARIA;;;;
23;04376080;ALEGRIA DE JESUS;UGEL CUSCO;1386622;EBR INICIAL;;;;
24;04932961;EL CASTILLO ENCANTADO;UGEL CUSCO;1396670;EBR INICIAL;;;;
25;00588342;1276;UGEL CUSCO;1681832;EBR INICIAL;;;;
26;06923275;1357;UGEL CUSCO;1744341;EBR INICIAL;;;;
27;05897130;NIÑOS DE NUESTRA SEÑORA DE LAS MERCEDES;UGEL CUSCO;1347376;EBR INICIAL;;;;
28;04973216;EMANUEL;UGEL CUSCO;1061365;EBR INICIAL;;;;
29;06160115;ROSA DE AMERICA;UGEL CUSCO;1522747;EBR INICIAL;;;;
30;05462266;KINDERGARTEN CRECIENDO JUNTOS;UGEL CUSCO;1465913;EBR INICIAL;;;;
31;06923682;1361 - TIWINZA;UGEL CUSCO;1744382;EBR INICIAL;;;;
32;05614155;LUCERITO;UGEL CUSCO;1386762;EBR INICIAL;;;;
33;06638724;TUINEN STAR;UGEL CUSCO;1355668;IST;;;;
34;06638724;TUINEN STAR;UGEL CUSCO;1355668;IST;;;;
35;06638724;TUINEN STAR;UGEL CUSCO;1355668;IST;;;;
36;07006179;KINDER PLAY HOUSE;UGEL CUSCO;1756238;EBR INICIAL;;;;
37;04939328;PROYECTO INGENIERIA;UGEL CUSCO;1200435;EBR PRIMARIA;;;;
;;;;1200443;EBR SECUNDARIA;;;;
38;05162521;HUELLITAS;UGEL CUSCO;1349794;EBR INICIAL;;;;
39;04682238;EL PACIFICO;UGEL CUSCO;0933135;CETPRO;;;;
40;05496756;LA MEDALLITA;UGEL CUSCO;1700137;EBR INICIAL;;;;
41;06752314;YACHAYWASI;UGEL CUSCO;1061977;EBA INICIAL-INTERMEDIO;;;;
;;;;1061969;EBA AVANZADO;;;;
42;04488946;ARTURO PALOMINO RODRIGUEZ;UGEL CUSCO;0489104;EBR PRIMARIA;;;;
;;;;0591198;EBR SECUNDARIA;;;;
43;04778448;CORONEL FRANCISCO BOLOGNESI;UGEL CUSCO;0510040;EBR INICIAL;;;;
;;;;0517797;EBR PRIMARIA;;;;
;;;;0517698;EBR SECUNDARIA;;;;
;;;;0644930;EBA AVANZADO;;;;
44;06632947;TRILCE CUSCO;UGEL CUSCO;1304302;EBR PRIMARIA;;;;
;;;;1304310;EBR SECUNDARIA;;;;
45;04594878;CASA MONTESSORI CRECER JUGANDO;UGEL CUSCO;1702232;EBR INICIAL;;;;
46;04378067;ALEJANDRO VON HUMBOLDT;UGEL CUSCO;0732800;EBR PRIMARIA;;;;
;;;;0785089;EBR SECUNDARIA;;;;
47;02767252;50514;UGEL CUSCO;0409896;EBR PRIMARIA;;;;
48;06099416;PURIRISUN;UGEL CUSCO;1649698;EBR INICIAL;;;;
49;05238943;INTI HUAHUACUNA;UGEL CUSCO;1642214;EBR INICIAL;;;;
50;00587508;1273;UGEL CUSCO;1681733;EBR INICIAL;;;;
51;04803272;CRISTO BLANCO;UGEL CUSCO;1649706;EBR INICIAL;;;;
52;04540662;BLUE RIBBON INTERNATIONAL;UGEL CUSCO;1387406;CETPRO;;;;
53;04540662;BLUE RIBBON INTERNATIONAL;UGEL CUSCO;1528587;IST;;;;
54;06612490;THANIWAWA;UGEL CUSCO;1572387;EBR INICIAL;;;;
55;02617013;446;UGEL CUSCO;0671768;EBR INICIAL;;;;
56;06201202;SAMUELITOS KINDER;UGEL CUSCO;0929570;EBR INICIAL;;;;
57;05112206;HAPPY DAYS;UGEL CUSCO;1643295;EBR INICIAL;;;;
58;02277281;381;UGEL CUSCO;0927475;EBR INICIAL;;;;
59;06205267;SAN AGUSTIN;UGEL CUSCO;1634641;EBR INICIAL;;;;
60;06257720;SAN GABRIEL;UGEL CUSCO;1387091;EBR INICIAL;;;;
61;04867610;DISCOVERY KINDER;UGEL CUSCO;1352236;EBR INICIAL;;;;
;;;;1535681;EBR PRIMARIA;;;;
62;06088694;PROMESA;UGEL CUSCO;1304377;EBR INICIAL;;;;
;;;;1304385;EBR PRIMARIA;;;;
;;;;1531979;EBR SECUNDARIA;;;;
63;06100971;Q'ORI CHASKA;UGEL CUSCO;1405216;EBR INICIAL;;;;
64;05266572;TEPSUR SRL;UGEL CUSCO;1653542;CETPRO;;;;
65;05238609;INTEROCEANICA;UGEL CUSCO;1320191;EBR INICIAL;;;;
66;04480767;ARCO IRIS;UGEL CUSCO;1061241;EBR INICIAL;;;;
;;;;1061217;EBR PRIMARIA;;;;
;;;;1395862;EBR SECUNDARIA;;;;
67;06662145;URPITUCHA;UGEL CUSCO;1698877;EBR INICIAL;;;;
68;04952596;EL PARAISO DE LISSY;UGEL CUSCO;1700111;EBR INICIAL;;;;
69;04990048;ESCUELA DE LOCUTORES DEL PERU;UGEL CUSCO;1201383;CETPRO;;;;
70;04667069;CESAR VALLEJO;UGEL CUSCO;1269505;EBR INICIAL;;;;
;;;;1269661;EBR PRIMARIA;;;;
;;;;1642057;EBR SECUNDARIA;;;;
71;04667069;CESAR VALLEJO;UGEL CUSCO;1725985;EBA INICIAL-INTERMEDIO;;;;
;;;;1578947;EBA AVANZADO;;;;
72;04439945;ANDRES RAZURI;UGEL CUSCO;1313501;EBR PRIMARIA;;;;
;;;;1313519;EBR SECUNDARIA;;;;
73;06039448;PEQUES Y PEQUITAS;UGEL CUSCO;1636877;EBR INICIAL;;;;
74;06097431;PULGARCITO;UGEL CUSCO;1405208;EBR INICIAL;;;;
75;06590454;GAL SCHOOL;UGEL CUSCO;1061514;EBR INICIAL;;;;
76;06590454;GAL SCHOOL;UGEL CUSCO;1529627;EBR PRIMARIA;;;;
77;06253504;SAN FRANCISCO;UGEL CUSCO;1351451;IST;;;;
78;05315581;JESUS MIO;UGEL CUSCO;1361732;EBR INICIAL;;;;
79;05529921;LAS HORMIGUITAS;UGEL CUSCO;1420785;EBR INICIAL;;;;
80;06215998;SAN ANTONIO DE PADUA;UGEL CUSCO;0626788;EBR INICIAL;;;;
81;06379346;SAN SILVESTRE;UGEL CUSCO;1268101;EBR INICIAL;;;;
82;05850002;MUNDO ANDINO;UGEL CUSCO;0928978;EBR PRIMARIA;;;;
83;06628907;TRAVESURAS;UGEL CUSCO;1330356;EBR INICIAL;;;;
84;06923356;1358 - SAN HILARION;UGEL CUSCO;1744358;EBR INICIAL;;;;
85;04951271;EL PACIFICO;UGEL CUSCO;0933507;EBR PRIMARIA;;;;
;;;;0933333;EBR SECUNDARIA;;;;
86;06823696;HAPPY TIME;UGEL CUSCO;1727767;EBR INICIAL;;;;
87;06430074;SANTA MARIA REYNA DE LA PAZ;UGEL CUSCO;1664119;EBR INICIAL;;;;
;;;;1664101;EBR PRIMARIA;;;;
;;;;1664127;EBR SECUNDARIA;;;;
88;06033571;PEQUEÑAS SEMILLAS;UGEL CUSCO;1668136;EBR INICIAL;;;;
89;05161533;HUELLITAS DEL SABER;UGEL CUSCO;1525393;EBR INICIAL;;;;
90;04908546;I.E.I.P. DULCES AVENTURAS;UGEL CUSCO;1434893;EBR INICIAL;;;;
91;05855705;MUNDO MAGICO;UGEL CUSCO;1692219;EBR INICIAL;;;;
92;05465729;KONRAD ADENAHUER;UGEL CUSCO;1200526;EBR INICIAL;;;;
;;;;1200534;EBR PRIMARIA;;;;
;;;;1200542;EBR SECUNDARIA;;;;
93;05465729;KONRAD ADENAHUER;UGEL CUSCO;1386267;EBA AVANZADO;;;;
94;04413784;AMBROSSIA - CUSCO;UGEL CUSCO;1313485;IST;;;;
95;02803471;50864;UGEL CUSCO;0520387;EBR PRIMARIA;;;;
96;04800461;CRFA WAYNAKUNAQ YACHAYWASIN;UGEL CUSCO;1336072;EBR SECUNDARIA;;;;
97;02737061;50220;UGEL CUSCO;0407072;EBR PRIMARIA;;;;
98;02791099;50742;UGEL CUSCO;0205161;EBR PRIMARIA;;;;
99;05651689;MAMA ROSITA;UGEL CUSCO;1386770;EBR INICIAL;;;;
100;05037891;FIGURITAS;UGEL CUSCO;1525377;EBR INICIAL;;;;
101;02813602;50968;UGEL CUSCO;0591933;EBR PRIMARIA;;;;
102;02719169;501342;UGEL CUSCO;1060722;EBR PRIMARIA;;;;
103;04606833;CCORCA;UGEL CUSCO;1379544;EBR SECUNDARIA;;;;
104;02717591;501318;UGEL CUSCO;0933978;EBR PRIMARIA;;;;
105;04650964;CENTRO CULTURALE ITALIANO;UGEL CUSCO;1649714;CETPRO;;;;
106;02812126;50951;UGEL CUSCO;0591966;EBR PRIMARIA;;;;
107;02608367;438 CRUZ VERDE;UGEL CUSCO;1061761;EBR INICIAL;;;;
108;02787059;50707 SIMON BOLIVAR;UGEL CUSCO;0204859;EBR PRIMARIA;;;;
;;;;0489096;EBR SECUNDARIA;;;;
109;02737485;50224;UGEL CUSCO;0929604;EBR PRIMARIA;;;;
110;04319249;985;UGEL CUSCO;1615376;EBR INICIAL;;;;
111;02687712;50008;UGEL CUSCO;0404947;EBR PRIMARIA;;;;
112;04916476;EDUCANDAS;UGEL CUSCO;0489070;EBR PRIMARIA;;;;
;;;;0236224;EBR SECUNDARIA;;;;
113;02733595;50190;UGEL CUSCO;0406702;EBR PRIMARIA;;;;
;;;;1370386;EBR SECUNDARIA;;;;
114;05020964;FE Y ALEGRIA 20;UGEL CUSCO;0235333;EBR PRIMARIA;;;;
;;;;0236778;EBR SECUNDARIA;;;;
115;05841445;MONTE HOREB;UGEL CUSCO;1200336;EBR INICIAL;;;;
116;04462378;IESTP  ANTONIO LORENA;UGEL CUSCO;0815142;IST;;;;
117;02703483;501154;UGEL CUSCO;0731026;EBR PRIMARIA;;;;
118;04261224;90;UGEL CUSCO;0403642;EBR INICIAL;;;;
119;06205186;SAN AGUSTIN;UGEL CUSCO;1060771;EBR INICIAL;;;;
;;;;0818187;EBR PRIMARIA;;;;
;;;;0928028;EBR SECUNDARIA;;;;
;;;;1062488;EBA AVANZADO;;;;
120;04466748;ANTONIO RAYMONDI;UGEL CUSCO;0621300;EBR SECUNDARIA;;;;
121;05497663;LA MERCED;UGEL CUSCO;0772749;EBR INICIAL;;;;
;;;;0234997;EBR PRIMARIA;;;;
;;;;0236729;EBR SECUNDARIA;;;;
122;06201792;SAN AGUSTIN DE HIPONA - CUSCO;UGEL CUSCO;1583236;EBR PRIMARIA;;;;
;;;;1583244;EBR SECUNDARIA;;;;
123;07025068;SAN FRANCISCO DE ASIS;UGEL CUSCO;1736214;EBE INICIAL;;;;
;;;;0671503;EBE PRIMARIA;;;;
124;05547415;CRL. LEONCIO PRADO;UGEL CUSCO;1386077;CETPRO;;;;
125;02690276;50042;UGEL CUSCO;0405266;EBR PRIMARIA;;;;
126;02689121;50023 REPUBLICA DE MEXICO;UGEL CUSCO;0405084;EBR PRIMARIA;;;;
127;04873149;DIVINO AMOR-A;UGEL CUSCO;1468719;EBR INICIAL;;;;
;;;;1722248;EBR PRIMARIA;;;;
128;80000208;DIVINO AMOR-A;UGEL CUSCO;0929307;CETPRO;;;;
129;04377982;ALEJANDRO VELASCO ASTETE;UGEL CUSCO;1712678;EBR INICIAL;;;;
;;;;0405225;EBR PRIMARIA;;;;
;;;;0233130;EBR SECUNDARIA;;;;
;;;;0235523;EBA INICIAL-INTERMEDIO;;;;
;;;;0622746;EBA AVANZADO;;;;
130;04901770;DON JOSE DE SAN MARTIN;UGEL CUSCO;1736206;EBE INICIAL;;;;
;;;;0236018;EBE PRIMARIA;;;;
131;02803704;50867;UGEL CUSCO;0551101;EBR PRIMARIA;;;;
132;02765276;50500 SAN MARTIN DE PORRES;UGEL CUSCO;0409755;EBR PRIMARIA;;;;
;;;;1370352;EBR SECUNDARIA;;;;
133;04911830;ECOCAT;UGEL CUSCO;1530476;CETPRO;;;;
134;06497497;SANTO TOMAS DE AQUINO;UGEL CUSCO;0486589;EBR INICIAL;;;;
135;00486371;50040;UGEL CUSCO;0818153;EBR PRIMARIA;;;;
136;00486371;50040;UGEL CUSCO;1615111;EBR INICIAL;;;;
137;06977308;SANTY;UGEL CUSCO;1752336;EBR INICIAL;;;;
138;05143071;HOSPITAL REGIONAL;UGEL CUSCO;0927293;EBR INICIAL;;;;
139;04541650;BOLIVARIANO;UGEL CUSCO;1681857;EBR INICIAL;;;;
;;;;0557090;EBR PRIMARIA;;;;
;;;;1352269;EBR SECUNDARIA;;;;
140;02622531;451 KUKULI;UGEL CUSCO;0671826;EBR INICIAL;;;;
141;02698781;501100;UGEL CUSCO;0699280;EBR PRIMARIA;;;;
142;02786974;50706;UGEL CUSCO;0204842;EBR PRIMARIA;;;;
143;04722663;CIENCIAS;UGEL CUSCO;0206011;EBR PRIMARIA;;;;
;;;;0236117;EBR SECUNDARIA;;;;
;;;;0235416;EBA INICIAL-INTERMEDIO;;;;
;;;;0236828;EBA AVANZADO;;;;
144;06062512;PITAGORAS;UGEL CUSCO;1315795;EBR INICIAL;;;;
;;;;1315803;EBR PRIMARIA;;;;
;;;;1386614;EBR SECUNDARIA;;;;
145;05219558;INMACULADA VIRGEN ESTRELLA;UGEL CUSCO;1420777;EBR PRIMARIA;;;;
146;05219558;INMACULADA VIRGEN ESTRELLA;UGEL CUSCO;1529585;EBR INICIAL;;;;
147;02255571;374 ACCOMOCO;UGEL CUSCO;0785014;EBR INICIAL;;;;
148;06670482;CETPRO VIAMONTE;UGEL CUSCO;1061373;CETPRO;;;;
149;02720620;501358 SALKANTAY;UGEL CUSCO;1201607;EBR PRIMARIA;;;;
150;02789450;50723 CECILIA TUPAC AMARU;UGEL CUSCO;1201680;EBR INICIAL;;;;
;;;;0205013;EBR PRIMARIA;;;;
;;;;1386226;EBR SECUNDARIA;;;;
151;02642263;466;UGEL CUSCO;0404111;EBR INICIAL;;;;
152;05503681;LA PUERTA MAGICA;UGEL CUSCO;1370493;EBR INICIAL;;;;
153;02619415;448;UGEL CUSCO;0403907;EBR INICIAL;;;;
154;06028055;PEDRO PAULET;UGEL CUSCO;1387190;EBR INICIAL;;;;
;;;;1755032;EBR PRIMARIA;;;;
155;05348676;CAP. FAP JOSE ABELARDO QUIÑONES;UGEL CUSCO;0933473;EBR PRIMARIA;;;;
;;;;1386127;EBR SECUNDARIA;;;;
156;04418085;AMERICANA DEL CUSCO;UGEL CUSCO;0934182;IST;;;;
157;04847822;DE COLORES KIDS;UGEL CUSCO;1432129;EBR INICIAL;;;;
158;02618346;447;UGEL CUSCO;0403899;EBR INICIAL;;;;
159;02803399;50863 HUAYLLAY;UGEL CUSCO;0517599;EBR PRIMARIA;;;;
160;05566398;LITTLE HANDS;UGEL CUSCO;1627777;EBR INICIAL;;;;
161;05788072;MI PEQUEÑO TESORO;UGEL CUSCO;1372275;EBR INICIAL;;;;
162;06256813;SAN GABRIEL DE LOS CIELOS;UGEL CUSCO;1387158;EBR INICIAL;;;;
163;06256813;SAN GABRIEL DE LOS CIELOS;UGEL CUSCO;1529619;EBR PRIMARIA;;;;
164;06236111;SAN DIEGO;UGEL CUSCO;1387083;CETPRO;;;;
165;05310466;JESUS ES MI MAESTRO;UGEL CUSCO;1665991;EBR INICIAL;;;;
;;;;1666007;EBR PRIMARIA;;;;
166;02247259;370 SAN MIGUEL;UGEL CUSCO;0735001;EBR INICIAL;;;;
167;02690195;50041;UGEL CUSCO;0405258;EBR PRIMARIA;;;;
168;06313906;SAN JUAN;UGEL CUSCO;1370444;EBR INICIAL;;;;
;;;;1370451;EBR PRIMARIA;;;;
;;;;1396654;EBR SECUNDARIA;;;;
169;01153293;197;UGEL CUSCO;0731000;EBR INICIAL;;;;
170;02687143;50005;UGEL CUSCO;1681873;EBR INICIAL;;;;
;;;;0406819;EBR PRIMARIA;;;;
171;02803135;50860;UGEL CUSCO;0551804;EBR PRIMARIA;;;;
172;02787393;50709;UGEL CUSCO;1468727;EBR INICIAL;;;;
;;;;0204875;EBR PRIMARIA;;;;
173;00489344;1126;UGEL CUSCO;1615137;EBR INICIAL;;;;
174;02789949;50728;UGEL CUSCO;0205039;EBR PRIMARIA;;;;
175;02688212;50012;UGEL CUSCO;0404988;EBR PRIMARIA;;;;
176;00606650;1312;UGEL CUSCO;1712710;EBR INICIAL;;;;
177;04316193;981;UGEL CUSCO;1615335;EBR INICIAL;;;;
178;02799014;50815;UGEL CUSCO;0472829;EBR PRIMARIA;;;;
179;01656139;301;UGEL CUSCO;0732826;EBR INICIAL;;;;
180;02787210;50708;UGEL CUSCO;0204867;EBR PRIMARIA;;;;
181;01306251;209;UGEL CUSCO;0731166;EBR INICIAL;;;;
182;02818817;51021;UGEL CUSCO;0206201;EBR PRIMARIA;;;;
183;02690500;50046;UGEL CUSCO;1644095;EBR INICIAL;;;;
184;02690500;50046;UGEL CUSCO;0405308;EBR PRIMARIA;;;;
185;02733676;50192;UGEL CUSCO;0406728;EBR PRIMARIA;;;;
186;02817586;51009 FRANCISCO SIVIRICHI;UGEL CUSCO;0206037;EBR PRIMARIA;;;;
;;;;0235424;EBA INICIAL-INTERMEDIO;;;;
187;06250955;SAN FRANCISCO JAVIER;UGEL CUSCO;1268820;EBR SECUNDARIA;;;;
188;06702244;VIRGEN DE FATIMA;UGEL CUSCO;0405175;EBR PRIMARIA;;;;
;;;;0927848;EBR SECUNDARIA;;;;
189;02688883;50017;UGEL CUSCO;0405027;EBR PRIMARIA;;;;
190;02818248;51015 SAN FRANCISCO DE BORJA;UGEL CUSCO;0206136;EBR PRIMARIA;;;;
;;;;0579151;EBR SECUNDARIA;;;;
;;;;0235473;EBA INICIAL-INTERMEDIO;;;;
;;;;0782649;EBA AVANZADO;;;;
191;05208580;INGENIERIA;UGEL CUSCO;1420827;EBR SECUNDARIA;;;;
192;05701929;CARRION - SAN JERONIMO;UGEL CUSCO;1386051;EBR PRIMARIA;;;;
;;;;1386069;EBR SECUNDARIA;;;;
193;02638223;463;UGEL CUSCO;0565382;EBR INICIAL;;;;
;;;;0472654;EBR PRIMARIA;;;;
194;05162114;HUELLITAS-B;UGEL CUSCO;1405174;EBR INICIAL;;;;
195;02689049;50022 JORGE CHAVEZ CHAPARRO;UGEL CUSCO;0405076;EBR PRIMARIA;;;;
;;;;1061449;EBR SECUNDARIA;;;;
196;02817098;51003;UGEL CUSCO;1386200;EBR INICIAL;;;;
;;;;0205922;EBR PRIMARIA;;;;
;;;;1370345;EBR SECUNDARIA;;;;
;;;;0235432;EBA INICIAL-INTERMEDIO;;;;
197;02710498;501222;UGEL CUSCO;0732834;EBR PRIMARIA;;;;
;;;;1718618;EBR SECUNDARIA;;;;
198;02710498;501222;UGEL CUSCO;1615368;EBR INICIAL;;;;
199;02607451;437;UGEL CUSCO;1061555;EBR INICIAL;;;;
200;02629801;457 VIVA EL PERU;UGEL CUSCO;0403972;EBR INICIAL;;;;
;;;;0405316;EBR PRIMARIA;;;;
;;;;0591164;EBR SECUNDARIA;;;;
201;02807191;50905;UGEL CUSCO;1644046;EBR INICIAL;;;;
;;;;0489245;EBR PRIMARIA;;;;
202;04578120;CARITAS;UGEL CUSCO;0671792;CETPRO;;;;
203;05043409;FORTUNATO L HERRERA;UGEL CUSCO;1386218;EBR PRIMARIA;;;;
;;;;0236364;EBR SECUNDARIA;;;;
204;02737140;50221;UGEL CUSCO;0407080;EBR PRIMARIA;;;;
205;00487856;1125-50021;UGEL CUSCO;0405068;EBR PRIMARIA;;;;
206;00487856;1125-50021;UGEL CUSCO;1615129;EBR INICIAL;;;;
207;06138519;REVOLUCIONARIA SANTA ROSA;UGEL CUSCO;0551606;EBR INICIAL;;;;
;;;;0486621;EBR PRIMARIA;;;;
;;;;0782680;EBR SECUNDARIA;;;;
208;05193141;INCA EDUCA;UGEL CUSCO;1529577;CETPRO;;;;
209;02737221;50222;UGEL CUSCO;1644061;EBR INICIAL;;;;
;;;;0407098;EBR PRIMARIA;;;;
210;04636120;CEDAI;UGEL CUSCO;0928838;CETPRO;;;;
211;02688621;50015;UGEL CUSCO;0405001;EBR PRIMARIA;;;;
212;05990017;PACHATUSAN - CUSCO;UGEL CUSCO;1662113;EBR INICIAL;;;;
213;06396909;SANTA CECILIA;UGEL CUSCO;1200989;EBR INICIAL;;;;
214;02798778;50814;UGEL CUSCO;1712686;EBR INICIAL;;;;
;;;;0206334;EBR PRIMARIA;;;;
215;05039959;FLEMING;UGEL CUSCO;1386697;EBR INICIAL;;;;
216;05039959;FLEMING;UGEL CUSCO;1061233;EBR PRIMARIA;;;;
;;;;0928507;EBR SECUNDARIA;;;;
217;06806295;DULCE INICIAR;UGEL CUSCO;1727510;EBR INICIAL;;;;
218;06355404;SAN NICOLAS;UGEL CUSCO;0627802;EBR INICIAL;;;;
;;;;1620996;EBR PRIMARIA;;;;
219;05824524;MIS PEQUEÑOS ANGELES;UGEL CUSCO;1568039;EBR INICIAL;;;;
220;04789334;CRAYOLA;UGEL CUSCO;1387117;EBR INICIAL;;;;
221;01563319;27 DE NOVIEMBRE;UGEL CUSCO;0518191;EBR SECUNDARIA;;;;
222;06923501;I.E.I. N° 1360 VIRGEN DEL CARMEN;UGEL CUSCO;1744374;EBR INICIAL;;;;
223;06119621;RAYITO DE LUZ;UGEL CUSCO;1315233;EBR INICIAL;;;;
224;06985483;TRENER;UGEL CUSCO;1753623;EBR SECUNDARIA;;;;
225;06872441;MICAELA BASTIDAS;UGEL CUSCO;1734631;EBR PRIMARIA;;;;
226;01342886;215;UGEL CUSCO;0731216;EBR INICIAL;;;;
227;02818086;51014 ROMERITOS;UGEL CUSCO;0206128;EBR PRIMARIA;;;;
;;;;0735035;EBR SECUNDARIA;;;;
228;02756692;50414;UGEL CUSCO;0408914;EBR PRIMARIA;;;;
229;02756692;50414;UGEL CUSCO;1361773;EBR SECUNDARIA;;;;
230;05943744;NUESTRA SEÑORA DEL ROSARIO;UGEL CUSCO;1201029;EBR INICIAL;;;;
;;;;1201060;EBR PRIMARIA;;;;
231;06430643;SANTA MARIA REYNA;UGEL CUSCO;0928887;EBR PRIMARIA;;;;
;;;;0927939;EBR SECUNDARIA;;;;
232;05935415;NUESTRA SEÑORA DEL CARMEN;UGEL CUSCO;0928077;EBR INICIAL;;;;
233;03840328;811 CUSIBAMBA BAJA;UGEL CUSCO;1450469;EBR INICIAL;;;;
234;04518233;BE HAPPY;UGEL CUSCO;1692201;EBR INICIAL;;;;
235;06730957;VIRGEN DEL TRANSITO;UGEL CUSCO;0929489;CETPRO;;;;
236;06801404;SAN RAFAEL;UGEL CUSCO;1721711;EBR INICIAL;;;;
237;06684343;VIDA NUEVA ASVIN;UGEL CUSCO;1361757;EBR INICIAL;;;;
;;;;1361765;EBR PRIMARIA;;;;
238;05588588;LOS CAPULLITOS DE MARIA;UGEL CUSCO;1386093;EBR INICIAL;;;;
239;04475240;APRENDIENDO ENTRE JUEGOS Y SONRISAS;UGEL CUSCO;1386788;EBR INICIAL;;;;
240;06053866;PICOL ORCCONQUIO;UGEL CUSCO;1349802;EBR INICIAL;;;;
241;06873847;50225;UGEL CUSCO;0407130;EBR PRIMARIA;;;;
242;05287529;JEAN PIAGET;UGEL CUSCO;1387042;EBR INICIAL;;;;
243;06029876;PEDRO RUIZ GALLO-PERUANO AMERICANO;UGEL CUSCO;1385988;EBA INICIAL-INTERMEDIO;;;;
;;;;1385996;EBA AVANZADO;;;;
244;80000155;PEDRO RUIZ GALLO-PERUANO AMERICANO;UGEL CUSCO;0573527;CETPRO;;;;
245;04383907;ALFA INGENIEROS;UGEL CUSCO;1386358;EBR INICIAL;;;;
;;;;0818245;EBR PRIMARIA;;;;
;;;;1386366;EBR SECUNDARIA;;;;
246;06841597;PICAFLORCITOS DE ORO;UGEL CUSCO;1730233;EBR INICIAL;;;;
247;00814636;159;UGEL CUSCO;0671784;EBR INICIAL;;;;
248;05912148;NUESTRA SEÑORA DE GRACIA;UGEL CUSCO;0775494;EBR INICIAL;;;;
;;;;1386283;EBR PRIMARIA;;;;
249;02689790;50036;UGEL CUSCO;0405209;EBR PRIMARIA;;;;
250;05045304;FRANCISCO BERNARDONE;UGEL CUSCO;1583210;EBR INICIAL;;;;
251;05163935;HUGO D'CENSI;UGEL CUSCO;1655356;EBR INICIAL;;;;
252;05466636;KUKULI;UGEL CUSCO;0928168;EBR INICIAL;;;;
253;05449812;KARI GRANDE;UGEL CUSCO;0931170;EBR INICIAL;;;;
;;;;1321256;EBR PRIMARIA;;;;
254;06183891;SAGRADO CORAZON DE JESUS;UGEL CUSCO;1060599;CETPRO;;;;
255;06097278;PUKLLASUNCHIS-B;UGEL CUSCO;0928655;ISP;;;;
256;02627337;455 SAN ISIDRO;UGEL CUSCO;0671800;EBR INICIAL;;;;
257;04862333;DIDASKALIO SAN JOSE OBRERO;UGEL CUSCO;0671537;EBR INICIAL;;;;
;;;;0615047;EBR PRIMARIA;;;;
;;;;0621755;EBR SECUNDARIA;;;;
258;05185221;KHIPU;UGEL CUSCO;0815175;IST;;;;
259;05185221;KHIPU;UGEL CUSCO;0815175;IST;;;;
260;06806864;JUAN PABLO II;UGEL CUSCO;1727528;EBR INICIAL;;;;
261;02761051;50454;UGEL CUSCO;0409300;EBR PRIMARIA;;;;
262;06802648;DULCE HOGAR CUSCO S.A.C;UGEL CUSCO;1722255;EBR INICIAL;;;;
263;06212018;SAN ANTONIO ABAD;UGEL CUSCO;1322601;EBR INICIAL;;;;
;;;;0235085;EBR PRIMARIA;;;;
;;;;0236695;EBR SECUNDARIA;;;;
264;06923437;1359;UGEL CUSCO;1744366;EBR INICIAL;;;;
265;02763291;CESAR VALLEJO;UGEL CUSCO;0409565;EBR PRIMARIA;;;;
;;;;0927871;EBR SECUNDARIA;;;;
266;05101565;GUADALUPE;UGEL CUSCO;1268507;EBR INICIAL;;;;
;;;;0818310;EBR PRIMARIA;;;;
;;;;0928291;EBR SECUNDARIA;;;;
267;06121012;RAYITOS DE ALEGRIA;UGEL CUSCO;1649680;EBR INICIAL;;;;
268;06065740;PLAY SCHOOL;UGEL CUSCO;1352244;EBR INICIAL;;;;
269;02803887;50868 FERNANDO TUPAC AMARU;UGEL CUSCO;0785071;EBR PRIMARIA;;;;
270;02624281;452;UGEL CUSCO;0699611;EBR INICIAL;;;;
271;06722466;VIRGEN DEL CARMEN;UGEL CUSCO;1664135;CETPRO;;;;
272;02713871;501260;UGEL CUSCO;1712702;EBR INICIAL;;;;
;;;;0928762;EBR PRIMARIA;;;;
273;05750849;MEGATRACTORS;UGEL CUSCO;1393727;CETPRO;;;;
274;02639548;464;UGEL CUSCO;0403956;EBR INICIAL;;;;
275;02817179;51004 SAN VICENTE DE PAUL;UGEL CUSCO;0205948;EBR PRIMARIA;;;;
;;;;1322593;EBR SECUNDARIA;;;;
276;02645981;469;UGEL CUSCO;0500264;EBR INICIAL;;;;
277;02613621;443 NIÑO JESUS;UGEL CUSCO;0565416;EBR INICIAL;;;;
278;06735665;VIRGEN ROSARIO;UGEL CUSCO;1387067;EBR SECUNDARIA;;;;
279;05422825;JUAN PABLO II;UGEL CUSCO;0404830;EBR INICIAL;;;;
280;06111114;RAICES;UGEL CUSCO;1399468;EBR INICIAL;;;;
281;06985637;SEBASTIAN DE LOS REYES;UGEL CUSCO;1753649;EBR INICIAL;;;;
282;00898880;166 VIRGEN DEL CARMEN;UGEL CUSCO;0730523;EBR INICIAL;;;;
283;06050638;PESTALOZZI;UGEL CUSCO;1370469;EBR INICIAL;;;;
;;;;1370477;EBR PRIMARIA;;;;
;;;;1370485;EBR SECUNDARIA;;;;
284;05879078;NIÑO CIENTIFICO;UGEL CUSCO;1434901;EBR INICIAL;;;;
285;06617514;TIEMPO DE CRECER;UGEL CUSCO;1662121;EBR INICIAL;;;;
286;02813521;50966;UGEL CUSCO;1681865;EBR INICIAL;;;;
;;;;0591453;EBR PRIMARIA;;;;
287;05205107;INFOTUR;UGEL CUSCO;1387208;CETPRO;;;;
288;05458978;KINDER LAND;UGEL CUSCO;1386655;EBR INICIAL;;;;
289;05792843;MI SEGUNDA CASITA;UGEL CUSCO;1405182;EBR INICIAL;;;;
290;05165830;HUMBERTO VIDAL UNDA;UGEL CUSCO;0557033;EBR PRIMARIA;;;;
;;;;0536516;EBR SECUNDARIA;;;;
291;05184800;ANTONIO RAYMONDI;UGEL CUSCO;0815191;IST;;;;
292;06661807;URPI;UGEL CUSCO;1269547;EBR INICIAL;;;;
293;06097197;PUKLLASUNCHIS;UGEL CUSCO;0772723;EBR INICIAL;;;;
;;;;0929034;EBR PRIMARIA;;;;
;;;;0928358;EBR SECUNDARIA;;;;
294;02631296;458;UGEL CUSCO;0404020;EBR INICIAL;;;;
295;04590570;CARRION;UGEL CUSCO;1639277;EBR SECUNDARIA;;;;
296;06961959;SONRISITAS;UGEL CUSCO;1749928;EBR INICIAL;;;;
297;03474011;699;UGEL CUSCO;0616136;EBR INICIAL;;;;
298;06841422;HIJOS DEL SOL;UGEL CUSCO;1730225;EBR INICIAL;;;;
299;04333421;ABRAHAM LINCOLN;UGEL CUSCO;1200302;EBR INICIAL;;;;
;;;;0927574;EBR PRIMARIA;;;;
;;;;0928440;EBR SECUNDARIA;;;;
;;;;1386887;EBA INICIAL-INTERMEDIO;;;;
;;;;1386119;EBA AVANZADO;;;;
300;80000036;ABRAHAM LINCOLN;UGEL CUSCO;1386150;CETPRO;;;;
301;01199821;202;UGEL CUSCO;0731059;EBR INICIAL;;;;
302;05812496;MILAGRITOS DE JESUS;UGEL CUSCO;1372267;EBR INICIAL;;;;
303;04635396;CECATEC;UGEL CUSCO;1200096;CETPRO;;;;
304;02626675;454;UGEL CUSCO;0520759;EBR INICIAL;;;;
305;04561295;CAMINITO DEL PERU;UGEL CUSCO;1405158;EBR INICIAL;;;;
;;;;1405166;EBR PRIMARIA;;;;
306;04561783;CAMINITO DEL PERU;UGEL CUSCO;0928739;EBR INICIAL;;;;
307;05194059;INCA GARCILASO DE LA VEGA;UGEL CUSCO;0206110;EBR PRIMARIA;;;;
;;;;0233056;EBR SECUNDARIA;;;;
;;;;0235457;EBA INICIAL-INTERMEDIO;;;;
;;;;0236794;EBA AVANZADO;;;;
308;80000086;INCA GARCILASO DE LA VEGA;UGEL CUSCO;0519785;CETPRO;;;;
309;05687829;MARIA DE LA MERCED;UGEL CUSCO;0406751;EBR PRIMARIA;;;;
;;;;0579177;EBR SECUNDARIA;;;;
310;05215595;INMACULADA CONCEPCION;UGEL CUSCO;1328483;EBR INICIAL;;;;
;;;;1328491;EBR PRIMARIA;;;;
;;;;1328509;EBR SECUNDARIA;;;;
;;;;1201771;EBA AVANZADO;;;;
311;02492431;417 SAN BORJA;UGEL CUSCO;0927384;EBR INICIAL;;;;
312;01322907;210;UGEL CUSCO;0731174;EBR INICIAL;;;;
313;06257641;SAN GABRIEL;UGEL CUSCO;1468743;EBR PRIMARIA;;;;
;;;;1468750;EBR SECUNDARIA;;;;
314;06257641;SAN GABRIEL;UGEL CUSCO;1468735;EBR INICIAL;;;;
315;04475089;APRENDIENDO A CRECER;UGEL CUSCO;1386291;EBR INICIAL;;;;
316;05889219;NIÑO JESUS;UGEL CUSCO;0565390;EBR INICIAL;;;;
317;00885266;165 BURBUJITAS;UGEL CUSCO;0730507;EBR INICIAL;;;;
318;00503029;114;UGEL CUSCO;0586099;EBR INICIAL;;;;
319;02614952;IEI 444;UGEL CUSCO;1060961;EBR INICIAL;;;;
320;05777267;MI PARAISO;UGEL CUSCO;1060813;EBR INICIAL;;;;
321;04755820;SAN ISIDRO LABRADOR-COMPUTECCIA;UGEL CUSCO;1062330;EBA AVANZADO;;;;
322;80000057;SAN ISIDRO LABRADOR-COMPUTECCIA;UGEL CUSCO;1386747;CETPRO;;;;
323;04755901;COMPUTECSA;UGEL CUSCO;1386036;CETPRO;;;;
324;02767090;50513;UGEL CUSCO;0409888;EBR PRIMARIA;;;;
325;02820129;51037;UGEL CUSCO;0615070;EBR PRIMARIA;;;;
326;02794896;50780 SOL RADIANTE;UGEL CUSCO;0486613;EBR INICIAL;;;;
;;;;0205559;EBR PRIMARIA;;;;
327;06558781;SISICHAKUNAQ YACHAYNIN;UGEL CUSCO;1347327;EBR INICIAL;;;;
328;02811472;50944;UGEL CUSCO;0573766;EBR PRIMARIA;;;;
329;06072186;PORTIKOS;UGEL CUSCO;1452853;EBR INICIAL;;;;
;;;;1695451;EBR PRIMARIA;;;;
330;05844258;MONTESSORI DEL CUSCO;UGEL CUSCO;1387224;EBR PRIMARIA;;;;
;;;;1536259;EBR SECUNDARIA;;;;
331;80000472;MONTESSORI DEL CUSCO;UGEL CUSCO;1386374;EBR INICIAL;;;;
332;00484628;1123;UGEL CUSCO;1615103;EBR INICIAL;;;;
333;05429935;JUAN TOMAS TUYRO TÚPAC INCA;UGEL CUSCO;0207712;CETPRO;;;;
334;04876520;DIVINO JESUS;UGEL CUSCO;1642164;EBR INICIAL;;;;
;;;;1201219;EBR PRIMARIA;;;;
335;05713153;MARIA ROSA MISTICA;UGEL CUSCO;1420793;EBR INICIAL;;;;
336;05477451;LA CASITA DE MARIA;UGEL CUSCO;1692227;EBR INICIAL;;;;
337;06663885;VALENTIN PANIAGUA CORAZAO;UGEL CUSCO;0205997;EBR PRIMARIA;;;;
338;00871559;164 SEÑOR DE LOS MILAGROS;UGEL CUSCO;0730499;EBR INICIAL;;;;
339;02637154;462;UGEL CUSCO;0671511;EBR INICIAL;;;;
340;02005506;332;UGEL CUSCO;0927509;EBR INICIAL;;;;
341;02688476;50014 TANKARPATA;UGEL CUSCO;1644053;EBR INICIAL;;;;
;;;;0404996;EBR PRIMARIA;;;;
342;05100658;GROWING UP;UGEL CUSCO;1568021;EBR INICIAL;;;;
343;01350617;216;UGEL CUSCO;0731125;EBR INICIAL;;;;
344;06280651;SAN JOSE DE PRAGA;UGEL CUSCO;1386895;EBR INICIAL;;;;
;;;;1386903;EBR PRIMARIA;;;;
345;06015425;PASTORCITOS DE FATIMA;UGEL CUSCO;1386804;EBR INICIAL;;;;
;;;;1387356;EBR PRIMARIA;;;;
346;01149008;194 ARAHUAY;UGEL CUSCO;0730978;EBR INICIAL;;;;
347;06728731;VIRGEN DEL ROSARIO;UGEL CUSCO;1643261;EBR INICIAL;;;;
;;;;1643279;EBR PRIMARIA;;;;
348;01339427;214;UGEL CUSCO;0731117;EBR INICIAL;;;;
349;01668501;302;UGEL CUSCO;0734996;EBR INICIAL;;;;
350;01224999;204 MARIA MONTESSORI;UGEL CUSCO;0731075;EBR INICIAL;;;;
351;06099823;PURISUNCHIS;UGEL CUSCO;1060730;EBR INICIAL;;;;
;;;;1386390;EBA INICIAL-INTERMEDIO;;;;
;;;;1386408;EBA AVANZADO;;;;
352;06832431;SAN JOSÉ PATRIARCA;UGEL CUSCO;1390145;EBR INICIAL;;;;
353;04329716;ABACO - CUSCO;UGEL CUSCO;1200856;IST;;;;
354;05446848;JUSTO BARRIONUEVO ALVAREZ;UGEL CUSCO;1543552;EBR INICIAL;;;;
;;;;0409748;EBR PRIMARIA;;;;
;;;;0929638;EBR SECUNDARIA;;;;
355;02705958;501187;UGEL CUSCO;0735027;EBR PRIMARIA;;;;
356;06305253;SAN JUAN DE DIOS-A;UGEL CUSCO;1736222;EBE INICIAL;;;;
;;;;1060524;EBE PRIMARIA;;;;
357;06475523;SANTIAGO APOSTOL;UGEL CUSCO;0927608;EBR PRIMARIA;;;;
;;;;1269943;EBR SECUNDARIA;;;;
358;04780574;CORONEL LEONCIO PRADO;UGEL CUSCO;1200138;EBR INICIAL;;;;
;;;;1200120;EBR PRIMARIA;;;;
;;;;1399476;EBR SECUNDARIA;;;;
359;05977576;OLIMPICO PERUANO;UGEL CUSCO;0818120;EBR PRIMARIA;;;;
;;;;0928200;EBR SECUNDARIA;;;;
360;05528445;LAS FLORES;UGEL CUSCO;0927806;EBR INICIAL;;;;
361;05610923;SAGRADA FAMILIA;UGEL CUSCO;1304336;EBR INICIAL;;;;
362;04525817;BELLAS ARTES DIEGO QUISPE TITO;UGEL CUSCO;1062439;ESFA;;;;
363;04525817;BELLAS ARTES DIEGO QUISPE TITO;UGEL CUSCO;1062439;ESFA;;;;
364;05605083;LOS PATRIOTAS;UGEL CUSCO;1642321;EBR INICIAL;;;;
;;;;1642339;EBR PRIMARIA;;;;
365;05520185;LARAPA KINDER;UGEL CUSCO;1387166;EBR INICIAL;;;;
366;05880874;NI¥O DE PRAGA;UGEL CUSCO;0486555;EBR INICIAL;;;;
367;06702163;VIRGEN DE FATIMA;UGEL CUSCO;1387174;EBR INICIAL;;;;
368;02794977;50781;UGEL CUSCO;1681824;EBR INICIAL;;;;
;;;;0205567;EBR PRIMARIA;;;;
369;06985556;I.E.I.P. HAPPY KIDS;UGEL CUSCO;1753631;EBR INICIAL;;;;
370;04563271;CAMINO NUEVO;UGEL CUSCO;1736321;EBE INICIAL;;;;
;;;;1387240;EBE PRIMARIA;;;;
371;05597579;LOS LEONCITOS;UGEL CUSCO;1386960;EBR INICIAL;;;;
;;;;1700145;EBR PRIMARIA;;;;
372;05678757;MARIA ANGOLA;UGEL CUSCO;1386309;EBR PRIMARIA;;;;
;;;;1386192;EBR SECUNDARIA;;;;
373;06758274;YO SOY EL CAMINO;UGEL CUSCO;1452861;EBR INICIAL;;;;
374;06058991;PIO ROSARIO NUÑEZ DEL PRADO;UGEL CUSCO;0404871;EBR INICIAL;;;;
;;;;1465905;EBR PRIMARIA;;;;
375;02820870;51045;UGEL CUSCO;0615138;EBR PRIMARIA;;;;
;;;;1370360;EBR SECUNDARIA;;;;
376;02736721;50219;UGEL CUSCO;0407064;EBR PRIMARIA;;;;
377;02819074;51023 SAN LUIS GONZAGA;UGEL CUSCO;1681642;EBR INICIAL;;;;
;;;;0206227;EBR PRIMARIA;;;;
;;;;1386432;EBR SECUNDARIA;;;;
378;04497856;AUGUSTO SALAZAR BONDY;UGEL CUSCO;0404889;EBR INICIAL;;;;
379;05096618;GRAN MARISCAL ANDRES AVELINO CACERES;UGEL CUSCO;0406793;EBR PRIMARIA;;;;
380;05096618;GRAN MARISCAL ANDRES AVELINO CACERES;UGEL CUSCO;0927814;EBR SECUNDARIA;;;;
381;05714303;MARIA TRINIDAD ENRIQUEZ;UGEL CUSCO;0403964;EBR INICIAL;;;;
382;02690357;50043;UGEL CUSCO;0405274;EBR PRIMARIA;;;;
383;02495163;419 COLIBRI;UGEL CUSCO;0671818;EBR INICIAL;;;;
384;04876601;DIVINO JESUS;UGEL CUSCO;1386416;EBR INICIAL;;;;
;;;;1386424;EBR PRIMARIA;;;;
385;02644657;468;UGEL CUSCO;0403998;EBR INICIAL;;;;
386;04334825;ABRAHAM VALDELOMAR;UGEL CUSCO;1726256;EBA INICIAL-INTERMEDIO;;;;
;;;;1200351;EBA AVANZADO;;;;
387;06101216;QORIKANCHA;UGEL CUSCO;1399419;EBR INICIAL;;;;
;;;;1399427;EBR PRIMARIA;;;;
;;;;1399435;EBR SECUNDARIA;;;;
;;;;1653534;EBA AVANZADO;;;;
388;04694376;CHASKA;UGEL CUSCO;0928259;EBR INICIAL;;;;
389;02811219;50941;UGEL CUSCO;1681816;EBR INICIAL;;;;
;;;;0573436;EBR PRIMARIA;;;;
390;06380646;SAN TARCISIO;UGEL CUSCO;1386325;EBR PRIMARIA;;;;
;;;;1386978;EBR SECUNDARIA;;;;
391;05934753;NUESTRA SEÑORA DEL CARMEN;UGEL CUSCO;1736230;EBE INICIAL;;;;
;;;;0519884;EBE PRIMARIA;;;;
392;06014844;PASITOS;UGEL CUSCO;0933911;EBR INICIAL;;;;
393;05775280;MI NIÑO JESUS;UGEL CUSCO;1201045;EBR INICIAL;;;;
394;02763117;50480;UGEL CUSCO;0409557;EBR PRIMARIA;;;;
395;06848524;GOTITAS DE MIEL;UGEL CUSCO;1731538;EBR INICIAL;;;;
396;05842018;MONTEVERDE;UGEL CUSCO;1393719;EBR PRIMARIA;;;;
;;;;1639285;EBR SECUNDARIA;;;;
397;05490480;LA INMACULADA;UGEL CUSCO;1399450;EBR INICIAL;;;;
;;;;1399443;EBR PRIMARIA;;;;
;;;;1386176;EBR SECUNDARIA;;;;
398;05479509;LA CATOLICA DEL PACIFICO;UGEL CUSCO;1323880;EBR PRIMARIA;;;;
;;;;1354711;EBR SECUNDARIA;;;;
399;06661076;URIEL GARCIA;UGEL CUSCO;0497651;EBR PRIMARIA;;;;
;;;;0236174;EBR SECUNDARIA;;;;
;;;;0235481;EBA INICIAL-INTERMEDIO;;;;
;;;;0622621;EBA AVANZADO;;;;
400;02687550;50007;UGEL CUSCO;0404939;EBR PRIMARIA;;;;
401;03407861;65;UGEL CUSCO;0671834;EBR INICIAL;;;;
402;05964377;NUEVO HORIZONTE;UGEL CUSCO;0928432;EBR INICIAL;;;;
403;05734691;MARTINCITO;UGEL CUSCO;1268069;EBR INICIAL;;;;
;;;;1399393;EBA INICIAL-INTERMEDIO;;;;
;;;;1399385;EBA AVANZADO;;;;
404;06644333;INSTITUTO DE EDUCACION SUPERIOR TECNOLOGICO PUBLICO TUPAC AMARU;UGEL CUSCO;0481127;IST;;;;
405;06076971;PRINCETON;UGEL CUSCO;1387182;CETPRO;;;;
406;06240313;SAN FERNANDO;UGEL CUSCO;0625525;EBR INICIAL;;;;
407;06240313;SAN FERNANDO;UGEL CUSCO;0934091;EBR PRIMARIA;;;;
;;;;1386606;EBR SECUNDARIA;;;;
408;06421407;SANTA MARIA DE LOS ANDES;UGEL CUSCO;1387109;EBR INICIAL;;;;
;;;;1324656;EBR PRIMARIA;;;;
;;;;1755024;EBR SECUNDARIA;;;;
409;06111378;RAIMONDI;UGEL CUSCO;1354729;EBR SECUNDARIA;;;;
410;06111378;RAIMONDI;UGEL CUSCO;1420801;EBR PRIMARIA;;;;
411;05615976;LUCESITAS;UGEL CUSCO;1201573;EBR INICIAL;;;;
412;02632446;459 - 51070 BARRIO DE DIOS;UGEL CUSCO;0626796;EBR INICIAL;;;;
;;;;0671552;EBR PRIMARIA;;;;
413;05252954;URIEL GARCIA;UGEL CUSCO;0934158;ISP;;;;
414;02028042;334;UGEL CUSCO;0775403;EBR INICIAL;;;;
415;06052533;PIAGETANO;UGEL CUSCO;1201086;EBR INICIAL;;;;
416;05910080;NUESTRA SEÑORA DE FATIMA;UGEL CUSCO;1644020;EBR INICIAL;;;;
;;;;0235010;EBR PRIMARIA;;;;
;;;;1386168;EBR SECUNDARIA;;;;
417;04534158;BERTRAND RUSSELL;UGEL CUSCO;1387372;EBR PRIMARIA;;;;
;;;;1387380;EBR SECUNDARIA;;;;
418;05077567;GENOMATEC;UGEL CUSCO;1201011;CETPRO;;;;
419;05065925;GALILEO;UGEL CUSCO;1062314;EBR PRIMARIA;;;;
;;;;1323856;EBR SECUNDARIA;;;;
420;06686737;VILLA CARMEN;UGEL CUSCO;1332774;EBR INICIAL;;;;
421;05578681;LOS ANDES;UGEL CUSCO;0932525;CETPRO;;;;
422;04317009;982;UGEL CUSCO;1615343;EBR INICIAL;;;;
423;06425208;SANTA MARIA GORETTI;UGEL CUSCO;1201136;EBR INICIAL;;;;
;;;;1201102;EBR PRIMARIA;;;;
;;;;1386143;EBR SECUNDARIA;;;;
424;80000238;SANTA MARIA GORETTI;UGEL CUSCO;1698885;CETPRO;;;;
425;04531752;BERNABE COBO - APLICACION;UGEL CUSCO;1269026;EBR INICIAL;;;;
;;;;1269067;EBR PRIMARIA;;;;
;;;;1269109;EBR SECUNDARIA;;;;
426;04531833;BERNABE COBO 2;UGEL CUSCO;1386549;EBR INICIAL;;;;
;;;;1386556;EBR PRIMARIA;;;;
;;;;1386564;EBR SECUNDARIA;;;;
427;05249007;BERNABE COBO;UGEL CUSCO;0933168;ISP;;;;
428;02817251;51006 TUPAC AMARU;UGEL CUSCO;0205989;EBR PRIMARIA;;;;
;;;;1370378;EBR SECUNDARIA;;;;
;;;;1360965;EBA AVANZADO;;;;
429;04956974;EL PRINCIPITO;UGEL CUSCO;1386523;EBR INICIAL;;;;
430;05536510;INSTITUTO DE FINANZAS Y COMERCIO;UGEL CUSCO;1385509;IST;;;;
431;05531802;LAS MERCEDES;UGEL CUSCO;0235069;EBR PRIMARIA;;;;
;;;;0236760;EBR SECUNDARIA;;;;
432;05560683;LIDERES;UGEL CUSCO;1370402;EBR PRIMARIA;;;;
;;;;1329465;EBR SECUNDARIA;;;;
433;06678084;VICTOR RAUL HAYA DE LA TORRE;UGEL CUSCO;0730515;EBR SECUNDARIA;;;;
434;04897994;DOMINGO SAVIO;UGEL CUSCO;1200393;EBR INICIAL;;;;
;;;;1200401;EBR PRIMARIA;;;;
;;;;1200419;EBR SECUNDARIA;;;;
;;;;1269422;EBA AVANZADO;;;;
435;02609681;439 NIÑOS DE AMERICA;UGEL CUSCO;0403915;EBR INICIAL;;;;
436;05651761;MAMANCHISWAN PURISUNCHIS;UGEL CUSCO;1465947;EBR INICIAL;;;;
;;;;1465954;EBR PRIMARIA;;;;
437;04480351;ARCO IRIS-A;UGEL CUSCO;0933622;ISP;;;;
438;06789048;JOSE ANTONIO ENCINAS;UGEL CUSCO;1726348;EBA INICIAL-INTERMEDIO;;;;
;;;;1637073;EBA AVANZADO;;;;
439;05238781;INTEROCEANICO;UGEL CUSCO;1702240;IST;;;;
440;06556884;SION;UGEL CUSCO;1522754;EBR INICIAL;;;;
;;;;1522762;EBR PRIMARIA;;;;
;;;;1522770;EBR SECUNDARIA;;;;
441;05013879;EXCEL;UGEL CUSCO;0782722;CETPRO;;;;
442;05979481;ORDESO;UGEL CUSCO;0591818;EBR INICIAL;;;;
443;06120441;RAYITO DE SOL;UGEL CUSCO;0927988;EBR INICIAL;;;;
444;02629070;456;UGEL CUSCO;0565358;EBR INICIAL;;;;
;;;;0405191;EBR PRIMARIA;;;;
;;;;0730481;EBR SECUNDARIA;;;;
445;05475473;LA CASITA DE CARTON;UGEL CUSCO;1266345;EBR INICIAL;;;;
446;06661645;URPI WASI;UGEL CUSCO;0928283;EBR INICIAL;;;;
;;;;1386572;EBR PRIMARIA;;;;
447;02822288;51061;UGEL CUSCO;0647230;EBR PRIMARIA;;;;
448;00718947;148 LOS INCAS;UGEL CUSCO;0520650;EBR INICIAL;;;;
449;05540550;LEANDRO ALVI¥A;UGEL CUSCO;0285973;ESFA;;;;
450;04212551;88;UGEL CUSCO;0403626;EBR INICIAL;;;;
451;05537436;LATINOAMERICANA DE ESPAÑOL;UGEL CUSCO;1700129;CETPRO;;;;
452;01331329;50501  DE CHOQUEPATA;UGEL CUSCO;0731190;EBR INICIAL;;;;
;;;;0409763;EBR PRIMARIA;;;;
453;00845094;162 DE SANTA ANA;UGEL CUSCO;0730911;EBR INICIAL;;;;
454;02621886;450;UGEL CUSCO;0616060;EBR INICIAL;;;;
455;04200349;87;UGEL CUSCO;0403618;EBR INICIAL;;;;
456;06130186;REINA DE LOS CIELOS;UGEL CUSCO;1386689;EBR INICIAL;;;;
457;04843525;DATASYS;UGEL CUSCO;1060417;CETPRO;;;;
458;05792010;MI RETOÑO;UGEL CUSCO;0927772;EBR INICIAL;;;;
459;02688131;50011;UGEL CUSCO;0404970;EBR PRIMARIA;;;;
460;05167655;DIDASCALIO CRISTO REY;UGEL CUSCO;0622563;CETPRO;;;;
;;;;1061407;IST;;;;
461;06357970;SAN PABLO;UGEL CUSCO;1062512;EBR INICIAL;;;;
;;;;1730712;EBR PRIMARIA;;;;
462;02690683;50048 LOS INCAS;UGEL CUSCO;0405324;EBR PRIMARIA;;;;
;;;;0785097;EBR SECUNDARIA;;;;
463;01568930;273;UGEL CUSCO;0731208;EBR INICIAL;;;;
464;04994264;ESITUR INTERNATIONAL;UGEL CUSCO;1386937;IST;;;;
465;03475751;700 PATRON DE SAN JERONIMO;UGEL CUSCO;0403980;EBR INICIAL;;;;
466;02763370;50482;UGEL CUSCO;0409573;EBR PRIMARIA;;;;
467;05985323;PABLO APOSTOL;UGEL CUSCO;1061316;EBR INICIAL;;;;
;;;;1061357;EBR PRIMARIA;;;;
;;;;1361740;EBR SECUNDARIA;;;;
468;02817829;51012 JULIO ALBERTO PONCE ANTUNEZ DE MAYOLO;UGEL CUSCO;1712694;EBR INICIAL;;;;
;;;;0206086;EBR PRIMARIA;;;;
469;01607960;293;UGEL CUSCO;0735043;EBR INICIAL;;;;
470;02689618;INCA RIPAQ;UGEL CUSCO;0405183;EBR PRIMARIA;;;;
;;;;0616185;EBR SECUNDARIA;;;;
471;02689200;50025 DANIEL ESTRADA PEREZ;UGEL CUSCO;0405100;EBR PRIMARIA;;;;
;;;;1386234;EBR SECUNDARIA;;;;
472;01328522;211;UGEL CUSCO;0731182;EBR INICIAL;;;;
473;02689952;50039;UGEL CUSCO;1615350;EBR INICIAL;;;;
;;;;0405233;EBR PRIMARIA;;;;
474;05212294;DE YANAMANCHI;UGEL CUSCO;1399401;EBR INICIAL;;;;
475;06287761;SAN JOSE;UGEL CUSCO;0625517;EBR INICIAL;;;;
;;;;0927632;EBR PRIMARIA;;;;
;;;;0933564;EBR SECUNDARIA;;;;
476;02386836;396;UGEL CUSCO;0927442;EBR INICIAL;;;;
477;02641011;465;UGEL CUSCO;0486597;EBR INICIAL;;;;
478;05903645;NORMA;UGEL CUSCO;1060318;CETPRO;;;;
479;05246113;ISAIAH BOWMAN SHANTS;UGEL CUSCO;1390053;EBR INICIAL;;;;
;;;;1390061;EBR PRIMARIA;;;;
;;;;1390079;EBR SECUNDARIA;;;;
480;02689537;50032 MIGUEL GRAU SEMINARIO;UGEL CUSCO;0405167;EBR PRIMARIA;;;;
;;;;0591131;EBR SECUNDARIA;;;;
481;02757354;50419;UGEL CUSCO;0408963;EBR PRIMARIA;;;;
482;02802971;50859;UGEL CUSCO;0234955;EBR PRIMARIA;;;;
483;05121035;HENRY FORD;UGEL CUSCO;1386630;CETPRO;;;;
484;01927248;325;UGEL CUSCO;0775460;EBR INICIAL;;;;
485;02811881;50949;UGEL CUSCO;0586065;EBR PRIMARIA;;;;
486;04880498;DIVINO MAESTRO;UGEL CUSCO;0927301;EBR PRIMARIA;;;;
;;;;0928267;EBR SECUNDARIA;;;;
487;02687305;50006;UGEL CUSCO;1644087;EBR INICIAL;;;;
;;;;0404913;EBR PRIMARIA;;;;
488;06163750;ROSA GATTORNO;UGEL CUSCO;0927715;EBR INICIAL;;;;
489;04955722;EL PORVENIR;UGEL CUSCO;0285916;CETPRO;;;;
490;04950283;EL NI¥O INVESTIGADOR KUSKIQ ERQE;UGEL CUSCO;1386507;EBR INICIAL;;;;
491;04950283;EL NI¥O INVESTIGADOR KUSKIQ ERQE;UGEL CUSCO;1378652;EBR PRIMARIA;;;;
492;06848605;BILINGUE MANUEL PARDO Y LAVALLE;UGEL CUSCO;1731546;EBR SECUNDARIA;;;;
493;05784271;MI PEQUEÑO MUNDO;UGEL CUSCO;0785006;EBR INICIAL;;;;
;;;;1656826;EBR PRIMARIA;;;;
494;06437753;SANTA MONICA;UGEL CUSCO;1386754;EBR INICIAL;;;;
495;05412013;JUAN BOSCO;UGEL CUSCO;1269141;EBR PRIMARIA;;;;
;;;;1269182;EBR SECUNDARIA;;;;
496;04315103;980;UGEL CUSCO;1615327;EBR INICIAL;;;;
497;06305741;SAN JUAN DE DIOS;UGEL CUSCO;0927921;EBR INICIAL;;;;
;;;;0927368;EBR PRIMARIA;;;;
;;;;1201623;EBR SECUNDARIA;;;;
498;02245760;369;UGEL CUSCO;0785030;EBR INICIAL;;;;
499;06662064;URPICHA KIDS;UGEL CUSCO;1386705;EBR INICIAL;;;;
500;04927109;EL BUEN PASTOR;UGEL CUSCO;0928341;EBR INICIAL;;;;
501;06394353;SANTA BERNARDITA;UGEL CUSCO;0928044;EBR INICIAL;;;;
;;;;0818344;EBR PRIMARIA;;;;
;;;;1060334;EBR SECUNDARIA;;;;
502;06065414;PLAY AND GROW;UGEL CUSCO;1387364;EBR INICIAL;;;;
503;00548091;1198;UGEL CUSCO;1643949;EBR INICIAL;;;;
504;05123356;HERMANOS GRIMM;UGEL CUSCO;0927749;EBR INICIAL;;;;
;;;;1699719;EBR PRIMARIA;;;;
505;06495257;SANTO DOMINGO;UGEL CUSCO;0927657;EBR INICIAL;;;;
506;06571220;SOR ANA DE LOS ANGELES;UGEL CUSCO;0818005;EBR PRIMARIA;;;;
;;;;0928143;EBR SECUNDARIA;;;;
507;06571220;SOR ANA DE LOS ANGELES;UGEL CUSCO;1387216;EBR INICIAL;;;;
508;06468284;SANTA URSULA;UGEL CUSCO;1061290;EBR PRIMARIA;;;;
;;;;1061332;EBR SECUNDARIA;;;;
509;04292413;949;UGEL CUSCO;1608769;EBR INICIAL;;;;
510;06521071;SE¥OR DE LOS MILAGROS;UGEL CUSCO;1060888;EBR PRIMARIA;;;;
;;;;1060920;EBR SECUNDARIA;;;;
511;06125565;REAL SAN FELIPE;UGEL CUSCO;0928689;IST;;;;
512;02816830;51002 ALEJANDRO SANCHEZ ARTEAGA;UGEL CUSCO;0205906;EBR PRIMARIA;;;;
513;05947057;NUESTRA SEÑORA VIRGEN DEL CARMEN;UGEL CUSCO;1202084;EBR INICIAL;;;;
;;;;1202092;EBR PRIMARIA;;;;
;;;;1387315;EBR SECUNDARIA;;;;
514;05897548;NIÑOS DEL CARMEN;UGEL CUSCO;0927681;EBR INICIAL;;;;
515;02610329;440 ERNESTO GUNTHER;UGEL CUSCO;0403923;EBR INICIAL;;;;
516;05539099;LAURA VICUÑA;UGEL CUSCO;0772780;EBR INICIAL;;;;
517;06979793;INSTITUCIÓN EDUCATIVA FE Y ESPERANZA;UGEL CUSCO;1752690;EBR PRIMARIA;;;;
518;04824636;CUISINE;UGEL CUSCO;1636422;CETPRO;;;;
519;06610587;TESORITO;UGEL CUSCO;0928499;EBR INICIAL;;;;
;;;;1756816;EBR PRIMARIA;;;;
520;06744249;WAWACHA;UGEL CUSCO;1575547;EBR INICIAL;;;;
521;06961460;BRYCE;UGEL CUSCO;1695444;EBR SECUNDARIA;;;;
522;02690438;50044;UGEL CUSCO;1432111;EBR INICIAL;;;;
;;;;0405282;EBR PRIMARIA;;;;
523;05606071;LOS PIMPOLLITOS;UGEL CUSCO;0927566;EBR INICIAL;;;;
524;05625874;LUIS VALLEJOS SANTONI;UGEL CUSCO;1061654;EBR PRIMARIA;;;;
525;05474711;LA CASA DEL BAMBINI;UGEL CUSCO;1372259;EBR INICIAL;;;;
526;01261282;206;UGEL CUSCO;0731091;EBR INICIAL;;;;
527;04754591;COMERCIO 41;UGEL CUSCO;0207530;EBA AVANZADO;;;;
528;04754591;COMERCIO 41;UGEL CUSCO;0207449;EBR SECUNDARIA;;;;
529;04253061;89;UGEL CUSCO;0403634;EBR INICIAL;;;;
530;02790181;50731 NUESTRA SEÑORA DE LA NATIVIDAD DE PROGRESO;UGEL CUSCO;0205062;EBR PRIMARIA;;;;
;;;;1522721;EBR SECUNDARIA;;;;
531;06736572;VIRGENCITA DE GUADALUPE;UGEL CUSCO;1349810;EBR INICIAL;;;;
532;03473368;698 LA INMACULADA;UGEL CUSCO;0627786;EBR INICIAL;;;;
533;01277121;207;UGEL CUSCO;0731141;EBR INICIAL;;;;
534;05457645;KINDER EMILIA BARCIA BONIFATTI;UGEL CUSCO;1201599;EBR INICIAL;;;;
535;05845815;MONTESSORIANO;UGEL CUSCO;1386382;EBR INICIAL;;;;
536;02635331;461;UGEL CUSCO;0404145;EBR INICIAL;;;;
537;05816459;MILLENNIUM;UGEL CUSCO;1386333;EBR PRIMARIA;;;;
;;;;1386341;EBR SECUNDARIA;;;;
538;05349907;JOSE ANDRES RAZURI ESTEVEZ;UGEL CUSCO;1061282;EBR INICIAL;;;;
;;;;1386663;EBR PRIMARIA;;;;
;;;;1386671;EBR SECUNDARIA;;;;
539;05083257;GIRASOLES;UGEL CUSCO;1269869;EBR INICIAL;;;;
540;06742831;WALDORF;UGEL CUSCO;1386259;EBR INICIAL;;;;
541;06581382;SUDAMERICANA;UGEL CUSCO;1309657;CETPRO;;;;
542;04948564;I.E. NO ESTATAL PRIVADA MAYOR EL NAZARENO;UGEL CUSCO;0817940;EBR PRIMARIA;;;;
;;;;0928085;EBR SECUNDARIA;;;;
543;02146762;352;UGEL CUSCO;0772756;EBR INICIAL;;;;
544;06626841;TRACTO SUR;UGEL CUSCO;1465962;CETPRO;;;;
545;05625386;LUIS PASTEUR;UGEL CUSCO;0815183;IST;;;;
546;06773109;VIRGEN DE ASUNCION;UGEL CUSCO;1062231;EBR PRIMARIA;;;;
;;;;1062272;EBR SECUNDARIA;;;;
;;;;1200823;EBA INICIAL-INTERMEDIO;;;;
;;;;1200831;EBA AVANZADO;;;;
547;06773109;VIRGEN DE ASUNCION;UGEL CUSCO;1387323;EBR INICIAL;;;;
548;02818655;51017;UGEL CUSCO;0206151;EBR PRIMARIA;;;;
549;05881293;NIÑO DE SAN CRISTOBAL;UGEL CUSCO;0522649;EBR INICIAL;;;;
550;04725719;CIPERMUN;UGEL CUSCO;1304369;CETPRO;;;;
551;05942837;NUESTRA SEÑORA DEL ROSARIO FE Y ALEGRIA 21;UGEL CUSCO;1062470;EBR INICIAL;;;;
;;;;0235341;EBR PRIMARIA;;;;
;;;;0236786;EBR SECUNDARIA;;;;
552;80000147;NUESTRA SEÑORA DEL ROSARIO FE Y ALEGRIA 21;UGEL CUSCO;1060755;CETPRO;;;;
553;06282717;SAN JOSE LA SALLE;UGEL CUSCO;1200575;EBR INICIAL;;;;
;;;;0234922;EBR PRIMARIA;;;;
;;;;0236679;EBR SECUNDARIA;;;;
554;06819249;PEDRO PAULET MOSTAJO;UGEL CUSCO;1721398;EBR PRIMARIA;;;;
;;;;1721380;EBR SECUNDARIA;;;;
555;05746817;MAXIMO NIVEL;UGEL CUSCO;1308303;CETPRO;;;;
556;05252539;ISEP SANTA ROSA;UGEL CUSCO;0207597;ISP;;;;
557;06450369;ISEP SANTA ROSA;UGEL CUSCO;0403873;EBR INICIAL;;;;
;;;;0406785;EBR PRIMARIA;;;;
;;;;0236232;EBR SECUNDARIA;;;;
558;06575447;SOS HERMANN GMEINER;UGEL CUSCO;1386952;EBR INICIAL;;;;
559;04554851;CADI GARABATO;UGEL CUSCO;0625483;EBR INICIAL;;;;
560;06445675;SANTA ROSA DE LIMA;UGEL CUSCO;1386028;EBR INICIAL;;;;
;;;;0235028;EBR PRIMARIA;;;;
;;;;0579243;EBR SECUNDARIA;;;;
561;04931149;EL CARMELO;UGEL CUSCO;0234989;EBR PRIMARIA;;;;
;;;;0236745;EBR SECUNDARIA;;;;
562;05654653;MANITAS CREADORAS;UGEL CUSCO;1386580;EBR INICIAL;;;;
563;06995799;KIDDYS CLUB;UGEL CUSCO;1755040;EBR INICIAL;;;;
564;06339174;SAN MARTIN DE PORRES;UGEL CUSCO;1727759;EBR INICIAL;;;;
;;;;0234948;EBR PRIMARIA;;;;
;;;;0579227;EBR SECUNDARIA;;;;
565;04501896;AUSANGATE BILINGUAL SCHOOL;UGEL CUSCO;1387331;EBR PRIMARIA;;;;
;;;;1541747;EBR SECUNDARIA;;;;
566;04501896;AUSANGATE BILINGUAL SCHOOL;UGEL CUSCO;1268143;EBR INICIAL;;;;
567;02689383;50028;UGEL CUSCO;0405134;EBR PRIMARIA;;;;
568;05989795;PACHAKUTEQ INKA YUPANKI;UGEL CUSCO;1390137;EBR SECUNDARIA;;;;
569;01939041;326;UGEL CUSCO;0775437;EBR INICIAL;;;;
570;06274145;SAN JERONIMO;UGEL CUSCO;1060714;CETPRO;;;;
571;05650283;MALABARES;UGEL CUSCO;1620988;EBR INICIAL;;;;
572;04736605;CLORINDA MATTO DE TURNER;UGEL CUSCO;0405050;EBR PRIMARIA;;;;
;;;;0236109;EBR SECUNDARIA;;;;
;;;;0235499;EBA INICIAL-INTERMEDIO;;;;
;;;;0236810;EBA AVANZADO;;;;
573;80000056;CLORINDA MATTO DE TURNER;UGEL CUSCO;0207647;CETPRO;;;;
574;06183972;SAGRADO CORAZON DE JESUS;UGEL CUSCO;1644038;EBR INICIAL;;;;
;;;;0928820;EBR PRIMARIA;;;;
;;;;0933598;EBR SECUNDARIA;;;;
575;02686988;50002 LUIS VALLEJOS SANTONI;UGEL CUSCO;0404012;EBR INICIAL;;;;
;;;;0817916;EBR PRIMARIA;;;;
;;;;0782664;EBR SECUNDARIA;;;;
576;05680891;MARIA AUXILIADORA;UGEL CUSCO;0234971;EBR PRIMARIA;;;;
;;;;0236737;EBR SECUNDARIA;;;;
577;06198414;SALESIANO;UGEL CUSCO;1386184;EBR INICIAL;;;;
;;;;0234963;EBR PRIMARIA;;;;
;;;;0236687;EBR SECUNDARIA;;;;
578;07020430;SAN FRANCISCO DE ASIS;UGEL CUSCO;1060698;EBR INICIAL;;;;
;;;;0818096;EBR PRIMARIA;;;;
;;;;0236711;EBR SECUNDARIA;;;;
579;05089522;GOTITAS DE AMOR;UGEL CUSCO;1372283;EBR INICIAL;;;;
;;;;1696137;EBR PRIMARIA;;;;
580;06049834;PERUANO SUIZO DE LOS ANDES;UGEL CUSCO;1200567;EBR INICIAL;;;;
;;;;1061639;EBR PRIMARIA;;;;
;;;;1061670;EBR SECUNDARIA;;;;
581;05129214;HIJOS DEL REY;UGEL CUSCO;1060847;EBR INICIAL;;;;
;;;;1060805;EBR PRIMARIA;;;;
;;;;1200039;EBR SECUNDARIA;;;;
582;06331645;SAN MARCOS;UGEL CUSCO;1390152;CETPRO;;;;
583;04542568;INSTITUTO LATINO DEL CUSCO;UGEL CUSCO;1351964;IST;;;;
584;06873014;LATINOAMERICANO;UGEL CUSCO;1386945;CETPRO;;;;
585;05401380;JOSE PARDO;UGEL CUSCO;0931261;EBR INICIAL;;;;
;;;;0235044;EBR PRIMARIA;;;;
;;;;0579235;EBR SECUNDARIA;;;;
586;06778569;YANAPANAKUSUN;UGEL CUSCO;1386986;EBA AVANZADO;;;;
587;02737302;50 223;UGEL CUSCO;0407106;EBR PRIMARIA;;;;
588;02800241;50828 ASHID KUMAR BAHAL;UGEL CUSCO;0206102;EBR PRIMARIA;;;;
589;02688700;50016;UGEL CUSCO;0405019;EBR PRIMARIA;;;;
590;06389325;SANTA ANA;UGEL CUSCO;0931295;EBR INICIAL;;;;
;;;;0235051;EBR PRIMARIA;;;;
;;;;0236752;EBR SECUNDARIA;;;;
591;04604776;CCAPAC;UGEL CUSCO;1387349;IST;;;;
592;05713641;MARIA ROVIRA OLMO - ESCUELA ACTIVA;UGEL CUSCO;1643287;EBR INICIAL;;;;
593;06426867;SANTA MARIA MADRE DE DIOS;UGEL CUSCO;1386242;EBR PRIMARIA;;;;
;;;;1201094;EBR SECUNDARIA;;;;
594;05456657;KIMBIRI;UGEL CUSCO;1359033;IST;;;;
595;05600863;LOS NIÑOS DE JESUS;UGEL CUSCO;1060763;EBR INICIAL;;;;
596;07030339;MARIA DE FATIMA;UGEL CUSCO;1758226;EBR INICIAL;;;;
597;07030411;PIKICHAS;UGEL CUSCO;1758234;EBR INICIAL;;;;
598;80000385;DIDASCALIO JESUS MAESTRO;UGEL CUSCO;1386531;ISP;;;;
